PID,visit,session
0336,5,1
0457,4,1
4017,4,1
4023,3,1
4058,2,1
4062,3,1
4074,2,1
4076,2,1
4079,3,1
7014,4,1
7081,4,1
7112,2,1
7176,2,1
7178,3,1
7185,5,1
7211,4,1
7253,2,1
7266,2,1
7281,4,1
7307,3,1
7309,2,1
7330,1,1
7331,2,1
7341,1,1
7357,1,1
7371,2,1
7372,3,1
7384,1,1
7395,1,1
7413,1,1
7429,1,1
7437,2,1
7438,2,1
7442,1,1
7446,1,1
7464,1,1
7466,1,1
7477,1,1
7489,3,1
7491,1,1
7498,2,1
7507,1,1
7521,1,1
7526,1,1
7527,1,1
7540,1,1
7543,1,1
7544,1,1
7552,1,1
7571,1,1
7582,1,1
7589,1,1
7598,1,1
7620,1,1
7621,1,1
7623,1,1
7634,1,1
7652,1,1
7654,1,1
7657,1,1
7666,1,1
7669,1,1
7676,1,1
7679,1,1
7680,1,1
7685,1,1
7686,1,1
7689,1,1
7691,1,1
7693,1,1
7695,1,1
7696,1,1
7702,1,1
7707,1,1
7710,1,1
7730,1,1
7750,1,1
7758,1,1
7759,1,1
7761,1,1